Image Name,Image Size,Last Modification Date
image1.jpg,28171,7/26/2023
image2.jpg,21422,7/26/2023
image3.jpg,28564,7/26/2023
image4.jpg,23076,7/26/2023
image5.jpg,27263,7/26/2023
image6.jpg,25025,7/26/2023
image7.jpg,15955,7/26/2023
image8.jpg,29918,7/26/2023
image9.jpg,25524,7/26/2023
image10.jpg,32825,7/26/2023
image11.jpg,21284,7/26/2023
image12.jpg,23982,7/26/2023
image13.jpg,22605,7/26/2023
image14.jpg,19102,7/26/2023
image15.jpg,27387,7/26/2023
image16.jpg,29076,7/26/2023
image17.jpg,24306,7/26/2023
image18.jpg,27281,7/26/2023
image19.jpg,27366,7/26/2023
image20.jpg,25463,7/26/2023
image21.jpg,23599,7/26/2023
image22.jpg,21837,7/26/2023
image23.jpg,27535,7/26/2023
image24.jpg,28137,7/26/2023
image25.jpg,21029,7/26/2023
image26.jpg,26808,7/26/2023
image27.jpg,15875,7/26/2023
image28.jpg,22431,7/26/2023
image29.jpg,21780,7/26/2023
image30.jpg,17933,7/26/2023
image31.jpg,22815,7/26/2023
image32.jpg,21314,7/26/2023
image33.jpg,24144,7/26/2023
image34.jpg,26866,7/26/2023
image35.jpg,22319,7/26/2023
image36.jpg,24304,7/26/2023
